{
  "fpcStiffeners": [
    {
      "id": "ie549",
      "gerber": "Gerber_BottomStiffenerLayer_pib_0.1.GBSL",
      "layer": "bottom",
      "material": "pi",
      "thickness": "0.1",
      "path": [
        [
          [
            2726.378,
            -3143.7008,
            "L",
            2730.3936,
            -3174.252,
            2742.2047,
            -3202.7559,
            2760.9448,
            -3227.2047,
            2785.4331,
            -3245.9843,
            2813.8976,
            -3257.7952,
            2844.4882,
            -3261.811,
            3227.1256,
            -3261.811,
            5807.2829,
            -3261.811,
            10728.5428,
            -3261.811,
            10779.4873,
            -3268.5039,
            10826.9673,
            -3288.189,
            10867.7552,
            -3319.4489,
            10899.0152,
            -3360.2361,
            10918.7003,
            -3407.7165,
            10925.3925,
            -3458.6613,
            10925.3925,
            -5230.3147,
            10918.7003,
            -5281.2596,
            10899.0152,
            -5328.7399,
            10867.7552,
            -5369.5272,
            10826.9673,
            -5400.7872,
            10779.4873,
            -5420.4723,
            10728.5428,
            -5427.1651,
            5807.2829,
            -5427.1651,
            3227.1256,
            -5427.1651,
            886.0237,
            -5427.1651,
            835.0788,
            -5420.4723,
            787.5985,
            -5400.7872,
            746.8112,
            -5369.5272,
            715.5511,
            -5328.7399,
            695.8661,
            -5281.2596,
            689.1733,
            -5230.3147,
            689.1733,
            -3773.622,
            689.1733,
            -3458.6613,
            695.8661,
            -3407.7165,
            715.5511,
            -3360.2361,
            746.8112,
            -3319.4489,
            787.5985,
            -3288.189,
            835.0788,
            -3268.5039,
            886.0237,
            -3261.811,
            1937.0471,
            -3261.811,
            2120.0787,
            -3261.811,
            2150.6299,
            -3257.7952,
            2179.1338,
            -3245.9843,
            2203.5827,
            -3227.2047,
            2222.3621,
            -3202.7559,
            2234.173,
            -3174.252,
            2238.1889,
            -3143.7008,
            2238.1889,
            -2120.0788,
            2372.7372,
            -2120.0788,
            2726.378,
            -2120.0788,
            2726.378,
            -3143.7008
          ]
        ]
      ]
    }
  ]
}